date,y1,y2
1993/12/27 - 1994/01/02,61.32,62.93
1994/01/03 - 1994/01/09,62.56,64.21
1994/01/10 - 1994/01/16,62.71,64.45
1994/01/17 - 1994/01/23,64.6,66.24
1994/01/24 - 1994/01/30,65.55,67.25
1994/01/31 - 1994/02/06,68.91,70.83
1994/02/07 - 1994/02/13,70.17,72.17
1994/02/14 - 1994/02/20,68.84,70.75
1994/02/21 - 1994/02/27,69.41,71.21
1994/02/28 - 1994/03/06,69.88,71.72
1994/03/07 - 1994/03/13,72.76,74.78
1994/03/14 - 1994/03/20,73.38,75.44
1994/03/21 - 1994/03/27,74.31,76.43
1994/03/28 - 1994/04/03,74.67,76.81
1994/04/04 - 1994/04/10,72.73,74.51
1994/04/11 - 1994/04/17,72.85,74.93
1994/04/18 - 1994/04/24,72.15,74.18
1994/04/25 - 1994/05/01,70.19,72.08
1994/05/02 - 1994/05/08,71.51,73.47
1994/05/09 - 1994/05/15,69.23,71.05
1994/05/16 - 1994/05/22,69.31,71.14
1994/05/23 - 1994/05/29,70.77,72.69
1994/05/30 - 1994/06/05,69.75,71.89
1994/06/06 - 1994/06/12,70.65,72.85
1994/06/13 - 1994/06/19,69.65,71.79
1994/06/20 - 1994/06/26,69.46,71.58
1994/06/27 - 1994/07/03,67.75,69.77
1994/07/04 - 1994/07/10,64.75,66.57
1994/07/11 - 1994/07/17,64.79,66.62
1994/07/18 - 1994/07/24,65.87,67.76
1994/07/25 - 1994/07/31,66.53,68.47
1994/08/01 - 1994/08/07,67.75,69.76
1994/08/08 - 1994/08/14,65.09,66.94
1994/08/15 - 1994/08/21,66.64,68.58
1994/08/22 - 1994/08/28,66.89,68.85
1994/08/29 - 1994/09/04,66.29,68.21
1994/09/05 - 1994/09/11,67.36,69.35
1994/09/12 - 1994/09/18,66.87,68.72
1994/09/19 - 1994/09/25,66.12,67.89
1994/09/26 - 1994/10/02,65.74,67.48
1994/10/03 - 1994/10/09,66.52,68.33
1994/10/10 - 1994/10/16,66.22,68
1994/10/17 - 1994/10/23,67.06,68.91
1994/10/24 - 1994/10/30,65.6,67.32
1994/10/31 - 1994/11/06,66.25,68.04
1994/11/07 - 1994/11/13,66.79,68.61
1994/11/14 - 1994/11/20,65.9,67.65
1994/11/21 - 1994/11/27,65.36,67.07
1994/11/28 - 1994/12/04,64.35,66.14
1994/12/05 - 1994/12/11,65.38,67.05
1994/12/12 - 1994/12/18,63.49,65
1994/12/19 - 1994/12/25,61.35,62.84
1994/12/26 - 1995/01/01,60.73,62.17
1995/01/02 - 1995/01/08,59.15,60.46
1995/01/09 - 1995/01/15,60.44,61.86
1995/01/16 - 1995/01/22,58.89,60.27
1995/01/23 - 1995/01/29,58.27,59.68
1995/01/30 - 1995/02/05,56.96,58.26
1995/02/06 - 1995/02/12,57.38,58.78
1995/02/13 - 1995/02/19,59.41,60.83
1995/02/20 - 1995/02/26,60.97,62.55
1995/02/27 - 1995/03/05,62.9,64.39
1995/03/06 - 1995/03/12,62.35,63.96
1995/03/13 - 1995/03/19,61.43,62.97
1995/03/20 - 1995/03/26,62.05,63.52
1995/03/27 - 1995/04/02,64.63,66.2
1995/04/03 - 1995/04/09,64.34,65.89
1995/04/10 - 1995/04/16,63.43,64.91
1995/04/17 - 1995/04/23,64.49,66.04
1995/04/24 - 1995/04/30,61.4,62.71
1995/05/01 - 1995/05/07,61.21,62.5
1995/05/08 - 1995/05/14,62.06,63.58
1995/05/15 - 1995/05/21,60.35,61.74
1995/05/22 - 1995/05/28,59.98,61.34
1995/05/29 - 1995/06/04,59.04,60.32
1995/06/05 - 1995/06/11,58.78,60.03
1995/06/12 - 1995/06/18,58.66,59.91
1995/06/19 - 1995/06/25,57.21,58.34
1995/06/26 - 1995/07/02,57.01,58.12
1995/07/03 - 1995/07/09,57.12,58.24
1995/07/10 - 1995/07/16,56.85,57.95
1995/07/17 - 1995/07/23,55.94,57.13
1995/07/24 - 1995/07/30,56.04,57.24
1995/07/31 - 1995/08/06,58.04,59.4
1995/08/07 - 1995/08/13,54.17,55.22
1995/08/14 - 1995/08/20,53.04,53.99
1995/08/21 - 1995/08/27,54.17,55.22
1995/08/28 - 1995/09/03,54.4,55.95
1995/09/04 - 1995/09/10,53.61,55.09
1995/09/11 - 1995/09/17,53.43,54.9
1995/09/18 - 1995/09/24,54.72,56.29
1995/09/25 - 1995/10/01,54.46,56.02
1995/10/02 - 1995/10/08,53.34,54.49
1995/10/09 - 1995/10/15,52.34,53.41
1995/10/16 - 1995/10/22,53.31,54.54
1995/10/23 - 1995/10/29,52.73,53.9
1995/10/30 - 1995/11/05,54.7,55.9
1995/11/06 - 1995/11/12,54.86,56.1
1995/11/13 - 1995/11/19,55.3,56.54
1995/11/20 - 1995/11/26,55.39,56.68
1995/11/27 - 1995/12/03,55.62,56.81
1995/12/04 - 1995/12/10,55.48,56.69
1995/12/11 - 1995/12/17,55.78,56.71
1995/12/18 - 1995/12/24,55.3,56.15
1995/12/25 - 1995/12/31,56.88,57.94
1996/01/01 - 1996/01/07,56.54,57.36
1996/01/08 - 1996/01/14,55.81,56.53
1996/01/15 - 1996/01/21,57.25,58.36
1996/01/22 - 1996/01/28,58.95,60.25
1996/01/29 - 1996/02/04,58.12,59.69
1996/02/05 - 1996/02/11,59.53,60.51
1996/02/12 - 1996/02/18,60.39,61.42
1996/02/19 - 1996/02/25,60.15,60.73
1996/02/26 - 1996/03/03,60,61.2
1996/03/04 - 1996/03/10,62.11,63.39
1996/03/11 - 1996/03/17,60.33,61.36
1996/03/18 - 1996/03/24,61.87,63.06
1996/03/25 - 1996/03/31,61.11,61.88
1996/04/01 - 1996/04/07,63.06,63.81
1996/04/08 - 1996/04/14,63.89,65.1
1996/04/15 - 1996/04/21,63.06,64.38
1996/04/22 - 1996/04/28,63.65,64.4
1996/04/29 - 1996/05/05,65.11,66.43
1996/05/06 - 1996/05/12,64.31,65.56
1996/05/13 - 1996/05/19,64.37,65.68
1996/05/20 - 1996/05/26,63.63,64.88
1996/05/27 - 1996/06/02,64.89,66.28
1996/06/03 - 1996/06/09,64.61,65.57
1996/06/10 - 1996/06/16,66.15,66.87
1996/06/17 - 1996/06/23,64.78,66.07
1996/06/24 - 1996/06/30,66.6,67.9
1996/07/01 - 1996/07/07,65.11,66.14
1996/07/08 - 1996/07/14,64.92,65.7
1996/07/15 - 1996/07/21,66.06,66.99
1996/07/22 - 1996/07/28,64.55,64.97
1996/07/29 - 1996/08/04,64.48,65.97
1996/08/05 - 1996/08/11,66.16,66.95
1996/08/12 - 1996/08/18,65.83,67.09
1996/08/19 - 1996/08/25,64.91,65.12
1996/08/26 - 1996/09/01,66.22,66.72
1996/09/02 - 1996/09/08,66.53,67.28
1996/09/09 - 1996/09/15,65.97,66.69
1996/09/16 - 1996/09/22,67.18,68
1996/09/23 - 1996/09/29,67.53,68.44
1996/09/30 - 1996/10/06,67.82,68.46
1996/10/07 - 1996/10/13,69.01,69.71
1996/10/14 - 1996/10/20,69.39,69.83
1996/10/21 - 1996/10/27,70.44,71.07
1996/10/28 - 1996/11/03,71.06,71.64
1996/11/04 - 1996/11/10,72.7,73.57
1996/11/11 - 1996/11/17,72.45,72.93
1996/11/18 - 1996/11/24,74.44,74.82
1996/11/25 - 1996/12/01,74.52,74.8
1996/12/02 - 1996/12/08,76.35,76.23
1996/12/09 - 1996/12/15,77.26,77.3
1996/12/16 - 1996/12/22,77.69,77.8
1996/12/23 - 1996/12/29,78.88,78.94
1996/12/30 - 1997/01/05,80.32,80.24
1997/01/06 - 1997/01/12,81.22,81.5
1997/01/13 - 1997/01/19,82.02,82.09
1997/01/20 - 1997/01/26,83.58,83.27
1997/01/27 - 1997/02/02,83.98,83.56
1997/02/03 - 1997/02/09,84.37,83.95
1997/02/10 - 1997/02/16,85.2,84.91
1997/02/17 - 1997/02/23,87.14,87.19
1997/02/24 - 1997/03/02,90.73,90.82
1997/03/03 - 1997/03/09,94.03,93.92
1997/03/10 - 1997/03/16,95.17,95.65
1997/03/17 - 1997/03/23,94.36,94.73
1997/03/24 - 1997/03/30,95.78,96.47
1997/03/31 - 1997/04/06,92.27,92.64
1997/04/07 - 1997/04/13,90.04,90.11
1997/04/14 - 1997/04/20,88.75,88.65
1997/04/21 - 1997/04/27,89.3,88.82
1997/04/28 - 1997/05/04,91.64,92.55
1997/05/05 - 1997/05/11,93.35,93.81
1997/05/12 - 1997/05/18,96.04,96.24
1997/05/19 - 1997/05/25,97.55,97.53
1997/05/26 - 1997/06/01,100.47,100.45
1997/06/02 - 1997/06/08,101.96,101.83
1997/06/09 - 1997/06/15,101.83,100.98
1997/06/16 - 1997/06/22,97.48,97.18
1997/06/23 - 1997/06/29,102.51,102.42
1997/06/30 - 1997/07/06,100,100
1997/07/07 - 1997/07/13,98.39,98.24
1997/07/14 - 1997/07/20,96.75,96.42
1997/07/21 - 1997/07/27,96.54,95.8
1997/07/28 - 1997/08/03,97.73,97.76
1997/08/04 - 1997/08/10,97.63,98.34
1997/08/11 - 1997/08/17,96.11,96.59
1997/08/18 - 1997/08/24,98.4,99.34
1997/08/25 - 1997/08/31,98,98.73
1997/09/01 - 1997/09/07,96.65,96.96
1997/09/08 - 1997/09/14,95.98,96.55
1997/09/15 - 1997/09/21,97.91,98.2
1997/09/22 - 1997/09/28,99.31,99.5
1997/09/29 - 1997/10/05,99.21,99.46
1997/10/06 - 1997/10/12,100.56,100.62
1997/10/13 - 1997/10/19,102.93,103.18
1997/10/20 - 1997/10/26,101.2,101.56
1997/10/27 - 1997/11/02,96.25,96.4
1997/11/03 - 1997/11/09,90.1,89.64
1997/11/10 - 1997/11/16,87.68,86.86
1997/11/17 - 1997/11/23,88.06,88.9
1997/11/24 - 1997/11/30,87.11,87.68
1997/12/01 - 1997/12/07,86.59,87.66
1997/12/08 - 1997/12/14,85.82,86.91
1997/12/15 - 1997/12/21,83.69,84.49
1997/12/22 - 1997/12/28,85.02,86.15
1997/12/29 - 1998/01/04,80.71,81.35
1998/01/05 - 1998/01/11,77.86,79.18
1998/01/12 - 1998/01/18,70.55,71.1
1998/01/19 - 1998/01/25,69.77,70.75
1998/01/26 - 1998/02/01,71.16,71.84
1998/02/02 - 1998/02/08,70.12,70.72
1998/02/09 - 1998/02/15,72.98,73.98
1998/02/16 - 1998/02/22,74.41,75.69
1998/02/23 - 1998/03/01,75.36,76.24
1998/03/02 - 1998/03/08,75.14,76.32
1998/03/09 - 1998/03/15,74.14,75.26
1998/03/16 - 1998/03/22,71.52,72.3
1998/03/23 - 1998/03/29,71.52,72.47
1998/03/30 - 1998/04/05,72.01,73.04
1998/04/06 - 1998/04/12,71.13,72.32
1998/04/13 - 1998/04/19,69.87,70.9
1998/04/20 - 1998/04/26,68.95,69.88
1998/04/27 - 1998/05/03,68.91,69.84
1998/05/04 - 1998/05/10,67.98,68.78
1998/05/11 - 1998/05/17,64.26,64.82
1998/05/18 - 1998/05/24,63.68,64.15
1998/05/25 - 1998/05/31,59.86,60.13
1998/06/01 - 1998/06/07,59.28,59.64
1998/06/08 - 1998/06/14,54.96,56.05
1998/06/15 - 1998/06/21,53.8,54.73
1998/06/22 - 1998/06/28,55.23,55.45
1998/06/29 - 1998/07/05,55.22,56.29
1998/07/06 - 1998/07/12,54.96,56.14
1998/07/13 - 1998/07/19,53.93,54.71
1998/07/20 - 1998/07/26,53.62,54.57
1998/07/27 - 1998/08/02,53.53,54.56
1998/08/03 - 1998/08/09,54.05,55.11
1998/08/10 - 1998/08/16,52.11,53.08
1998/08/17 - 1998/08/23,51.1,51.95
1998/08/24 - 1998/08/30,51.13,51.99
1998/08/31 - 1998/09/06,49.62,50.35
1998/09/07 - 1998/09/13,49.07,49.75
1998/09/14 - 1998/09/20,47.8,48.82
1998/09/21 - 1998/09/27,47.66,48.13
1998/09/28 - 1998/10/04,46.5,47.36
1998/10/05 - 1998/10/11,45.71,46.48
1998/10/12 - 1998/10/18,48.27,49.48
1998/10/19 - 1998/10/25,50.17,51.25
1998/10/26 - 1998/11/01,51.26,52.15
1998/11/02 - 1998/11/08,52.43,53.04
1998/11/09 - 1998/11/15,52.94,53.55
1998/11/16 - 1998/11/22,54.35,54.89
1998/11/23 - 1998/11/29,54.4,55.24
1998/11/30 - 1998/12/06,54.53,55.22
1998/12/07 - 1998/12/13,56.25,56.82
1998/12/14 - 1998/12/20,55.45,55.91
1998/12/21 - 1998/12/27,55.04,55.52
1998/12/28 - 1999/01/03,55.86,56.44
1999/01/04 - 1999/01/10,56.42,57.21
1999/01/11 - 1999/01/17,55.66,56.34
1999/01/18 - 1999/01/24,54.67,55.22
1999/01/25 - 1999/01/31,56.05,56.79
1999/02/01 - 1999/02/07,56.5,57.3
1999/02/08 - 1999/02/14,55.13,55.75
1999/02/15 - 1999/02/21,55.88,56.6
1999/02/22 - 1999/02/28,55.02,55.62
1999/03/01 - 1999/03/07,55.08,55.73
1999/03/08 - 1999/03/14,55,55.69
1999/03/15 - 1999/03/21,54.82,55.63
1999/03/22 - 1999/03/28,55.58,56.5
1999/03/29 - 1999/04/04,55.74,56.67
1999/04/05 - 1999/04/11,55.86,56.72
1999/04/12 - 1999/04/18,56.1,57.11
1999/04/19 - 1999/04/25,57.23,58.38
1999/04/26 - 1999/05/02,56.18,57.46
1999/05/03 - 1999/05/09,56.97,58.09
1999/05/10 - 1999/05/16,56.01,57
1999/05/17 - 1999/05/23,55.96,56.99
1999/05/24 - 1999/05/30,56.43,57.56
1999/05/31 - 1999/06/06,55.34,56.18
1999/06/07 - 1999/06/13,56.97,58.03
1999/06/14 - 1999/06/20,56.73,57.56
1999/06/21 - 1999/06/27,56.45,57.22
1999/06/28 - 1999/07/04,55.59,56.68
1999/07/05 - 1999/07/11,55.84,56.72
1999/07/12 - 1999/07/18,55.95,56.93
1999/07/19 - 1999/07/25,55.03,55.7
1999/07/26 - 1999/08/01,55.1,55.78
1999/08/02 - 1999/08/08,56.62,57.81
1999/08/09 - 1999/08/15,54.47,55.57
1999/08/16 - 1999/08/22,54.35,55.43
1999/08/23 - 1999/08/29,53.12,54.04
1999/08/30 - 1999/09/05,52.7,53.29
1999/09/06 - 1999/09/12,52.12,52.63
1999/09/13 - 1999/09/19,51.72,52.17
1999/09/20 - 1999/09/26,52.1,52.61
1999/09/27 - 1999/10/03,52.1,52.71
1999/10/04 - 1999/10/10,53.37,54.19
1999/10/11 - 1999/10/17,52.01,52.67
1999/10/18 - 1999/10/24,51.3,51.85
1999/10/25 - 1999/10/31,51,51.51
1999/11/01 - 1999/11/07,50.62,50.78
1999/11/08 - 1999/11/14,51.3,51.55
1999/11/15 - 1999/11/21,52.06,52.4
1999/11/22 - 1999/11/28,51.98,52.42
1999/11/29 - 1999/12/05,51.98,52.43
1999/12/06 - 1999/12/12,53.3,53.63
1999/12/13 - 1999/12/19,53.74,54.19
1999/12/20 - 1999/12/26,53.86,54.09
1999/12/27 - 2000/01/02,54.24,54
2000/01/03 - 2000/01/09,53.65,53.15
2000/01/10 - 2000/01/16,53.46,52.94
2000/01/17 - 2000/01/23,55.22,55
2000/01/24 - 2000/01/30,53.3,52.84
2000/01/31 - 2000/02/06,53.11,52.62
2000/02/07 - 2000/02/13,52.12,51.51
2000/02/14 - 2000/02/20,53.44,53.11
2000/02/21 - 2000/02/27,55.32,55.2
2000/02/28 - 2000/03/05,54.32,54.07
2000/03/06 - 2000/03/12,53.65,53.32
2000/03/13 - 2000/03/19,54.15,53.84
2000/03/20 - 2000/03/26,54.16,53.79
2000/03/27 - 2000/04/02,53.33,52.88
2000/04/03 - 2000/04/09,52.28,51.89
2000/04/10 - 2000/04/16,52.28,51.88
2000/04/17 - 2000/04/23,51.62,51.06
2000/04/24 - 2000/04/30,51.62,51.07
2000/05/01 - 2000/05/07,50.7,50.09
2000/05/08 - 2000/05/14,50.3,49.67
2000/05/15 - 2000/05/21,49.6,49.05
2000/05/22 - 2000/05/28,49.13,48.72
2000/05/29 - 2000/06/04,47.34,46.94
2000/06/05 - 2000/06/11,46.72,46.3
2000/06/12 - 2000/06/18,47.02,46.61
2000/06/19 - 2000/06/25,46.97,46.58
2000/06/26 - 2000/07/02,47.25,46.88
2000/07/03 - 2000/07/09,47.43,46.87
2000/07/10 - 2000/07/16,47.77,47.2
2000/07/17 - 2000/07/23,47.94,47.42
2000/07/24 - 2000/07/30,48.15,47.59
2000/07/31 - 2000/08/06,48.44,47.96
2000/08/07 - 2000/08/13,48.5,48.03
2000/08/14 - 2000/08/20,48.44,47.93
2000/08/21 - 2000/08/27,48.88,48.45
2000/08/28 - 2000/09/03,48.45,48.04
2000/09/04 - 2000/09/10,48.4,47.98
2000/09/11 - 2000/09/17,48.45,48.01
2000/09/18 - 2000/09/24,48.8,48.29
2000/09/25 - 2000/10/01,48.41,47.85
2000/10/02 - 2000/10/08,47.89,47.29
2000/10/09 - 2000/10/15,48.38,47.7
2000/10/16 - 2000/10/22,48.47,47.79
2000/10/23 - 2000/10/29,48.1,47.35
2000/10/30 - 2000/11/05,47.6,46.85
2000/11/06 - 2000/11/12,48.01,47.3
2000/11/13 - 2000/11/19,46.71,46.02
2000/11/20 - 2000/11/26,46.39,45.68
2000/11/27 - 2000/12/03,46.02,45.4
2000/12/04 - 2000/12/10,45.2,44.54
2000/12/11 - 2000/12/17,44.58,43.86
2000/12/18 - 2000/12/24,44.98,44.34
2000/12/25 - 2000/12/31,44.41,43.74
2001/01/01 - 2001/01/07,44.76,43.94
2001/01/08 - 2001/01/14,44.2,43.34
2001/01/15 - 2001/01/21,44.2,43.34
2001/01/22 - 2001/01/28,43.54,42.82
2001/01/29 - 2001/02/04,43.8,43.12
2001/02/05 - 2001/02/11,44.46,43.93
2001/02/12 - 2001/02/18,44.93,44.23
2001/02/19 - 2001/02/25,45.92,45.26
2001/02/26 - 2001/03/04,46.24,45.72
2001/03/05 - 2001/03/11,46.27,45.74
2001/03/12 - 2001/03/18,46.19,45.62
2001/03/19 - 2001/03/25,44.4,43.75
2001/03/26 - 2001/04/01,45.2,44.68
2001/04/02 - 2001/04/08,44.64,44.06
2001/04/09 - 2001/04/15,44.96,44.41
2001/04/16 - 2001/04/22,44.8,44.22
2001/04/23 - 2001/04/29,44.48,43.9
2001/04/30 - 2001/05/06,44.92,44.46
2001/05/07 - 2001/05/13,44.26,43.75
2001/05/14 - 2001/05/20,44.25,43.76
2001/05/21 - 2001/05/27,44.06,43.97
2001/05/28 - 2001/06/03,43.79,44.27
2001/06/04 - 2001/06/10,44.1,43.89
2001/06/11 - 2001/06/17,43.99,44.05
2001/06/18 - 2001/06/24,43.38,44.69
2001/06/25 - 2001/07/01,44.04,43.95
2001/07/02 - 2001/07/08,43.81,44.21
2001/07/09 - 2001/07/15,42.83,45.25
2001/07/16 - 2001/07/22,43.27,44.78
2001/07/23 - 2001/07/29,42.87,44.43
2001/07/30 - 2001/08/05,42.73,44.27
2001/08/06 - 2001/08/12,42.89,44.45
2001/08/13 - 2001/08/19,42.9,44.47
2001/08/20 - 2001/08/26,42.03,43.51
2001/08/27 - 2001/09/02,42.18,43.77
2001/09/03 - 2001/09/09,41.62,43.13
2001/09/10 - 2001/09/16,41.63,43.22
2001/09/17 - 2001/09/23,41.1,42.61
2001/09/24 - 2001/09/30,40.65,42.06
2001/10/01 - 2001/10/07,40.05,41.37
2001/10/08 - 2001/10/14,39.63,40.88
2001/10/15 - 2001/10/21,40.01,41.42
2001/10/22 - 2001/10/28,40.36,41.85
2001/10/29 - 2001/11/04,40.62,42.13
2001/11/05 - 2001/11/11,40.47,41.97
2001/11/12 - 2001/11/18,40.71,42.24
2001/11/19 - 2001/11/25,39.81,41.26
2001/11/26 - 2001/12/02,39.92,41.41
2001/12/03 - 2001/12/09,40.3,41.85
2001/12/10 - 2001/12/16,40.45,42.02
2001/12/17 - 2001/12/23,40.43,41.99
2001/12/24 - 2001/12/30,40.67,42.26
2001/12/31 - 2002/01/06,40.28,42
2002/01/07 - 2002/01/13,40.35,42.09
2002/01/14 - 2002/01/20,40.29,42.01
2002/01/21 - 2002/01/27,40.31,42.08
2002/01/28 - 2002/02/03,40.69,42.51
2002/02/11 - 2002/02/17,40.75,42.52
2002/02/18 - 2002/02/24,40.66,42.41
2002/02/25 - 2002/03/03,40.57,42.29
2002/03/04 - 2002/03/10,40.58,42.33
2002/03/11 - 2002/03/17,41.44,43.32
2002/03/18 - 2002/03/24,41.67,43.58
2002/03/25 - 2002/03/31,41.21,43.09
2002/04/01 - 2002/04/07,40.94,42.78
2002/04/08 - 2002/04/14,40.54,42.31
2002/04/15 - 2002/04/21,40.19,41.92
2002/04/22 - 2002/04/28,40.78,42.61
2002/04/29 - 2002/05/05,39.8,41.46
2002/05/06 - 2002/05/12,39.87,41.55
2002/05/13 - 2002/05/19,40.28,41.98
2002/05/20 - 2002/05/26,39.98,41.65
2002/05/27 - 2002/06/02,39.84,41.47
2002/06/03 - 2002/06/09,39.81,41.43
2002/06/10 - 2002/06/16,39.52,41.09
2002/06/17 - 2002/06/23,39.67,41.27
2002/06/24 - 2002/06/30,39.51,41.08
2002/07/01 - 2002/07/07,39.42,40.98
2002/07/08 - 2002/07/14,39.22,40.75
2002/07/15 - 2002/07/21,39.42,40.97
2002/07/22 - 2002/07/28,38.94,40.43
2002/07/29 - 2002/08/04,38.47,39.87
2002/08/05 - 2002/08/11,38.63,40.07
2002/08/12 - 2002/08/18,38.19,39.55
2002/08/19 - 2002/08/25,37.79,39.1
2002/08/26 - 2002/09/01,37.89,39.24
2002/09/02 - 2002/09/08,37.83,39.18
2002/09/09 - 2002/09/15,37.3,38.55
2002/09/16 - 2002/09/22,37.47,38.76
2002/09/23 - 2002/09/29,36.94,38.25
2002/09/30 - 2002/10/06,37.14,38.52
2002/10/07 - 2002/10/13,36.89,38.24
2002/10/14 - 2002/10/20,36.77,38.05
2002/10/21 - 2002/10/27,36.18,37.36
2002/10/28 - 2002/11/03,36.21,37.56
2002/11/04 - 2002/11/10,36.01,37.33
2002/11/11 - 2002/11/17,35.99,37.31
2002/11/18 - 2002/11/24,35.95,37.27
2002/11/25 - 2002/12/01,35.97,37.29
2002/12/02 - 2002/12/08,36.17,37.56
2002/12/09 - 2002/12/15,35.82,37.16
2002/12/16 - 2002/12/22,36.16,37.56
2002/12/23 - 2002/12/29,35.83,37.21
2002/12/30 - 2003/01/05,35.77,37.13
2003/01/06 - 2003/01/12,35.69,37.04
2003/01/13 - 2003/01/19,36.11,37.42
2003/01/20 - 2003/01/26,35.66,36.89
2003/02/03 - 2003/02/09,35.36,36.6
2003/02/10 - 2003/02/16,35.09,36.29
2003/02/17 - 2003/02/23,35.49,36.75
2003/02/24 - 2003/03/02,35.25,36.61
2003/03/03 - 2003/03/09,35.14,36.49
2003/03/10 - 2003/03/16,34.65,35.96
2003/03/17 - 2003/03/23,33.99,35.19
2003/03/24 - 2003/03/30,33.55,34.72
2003/03/31 - 2003/04/06,33.38,34.53
2003/04/07 - 2003/04/13,33.4,34.55
2003/04/14 - 2003/04/20,33.44,34.59
2003/04/21 - 2003/04/27,33.25,34.38
2003/04/28 - 2003/05/04,32.83,33.89
2003/05/05 - 2003/05/11,32.61,33.64
2003/05/12 - 2003/05/18,32.61,33.69
2003/05/19 - 2003/05/25,32.52,33.6
2003/05/26 - 2003/06/01,32.43,33.55
2003/06/02 - 2003/06/08,32.37,33.47
2003/06/09 - 2003/06/15,32.16,33.25
2003/06/16 - 2003/06/22,32.35,33.46
2003/06/23 - 2003/06/29,32.67,33.85
2003/06/30 - 2003/07/06,32.58,33.77
2003/07/07 - 2003/07/13,32.57,33.85
2003/07/14 - 2003/07/20,32.11,33.29
2003/07/21 - 2003/07/27,32.14,33.47
2003/07/28 - 2003/08/03,31.88,33.07
2003/08/04 - 2003/08/10,31.77,32.94
2003/08/11 - 2003/08/17,31.79,32.95
2003/08/18 - 2003/08/24,31.77,32.9
2003/08/25 - 2003/08/31,32.39,33.6
2003/09/01 - 2003/09/07,32.29,33.51
2003/09/08 - 2003/09/14,32.7,33.98
2003/09/15 - 2003/09/21,33.48,34.85
2003/09/22 - 2003/09/28,33.26,34.57
2003/09/29 - 2003/10/05,34.19,35.58
2003/10/06 - 2003/10/12,34.6,36.1
2003/10/13 - 2003/10/19,34.98,36.5
2003/10/20 - 2003/10/26,35.17,36.59
2003/10/27 - 2003/11/02,35.87,37.36
2003/11/03 - 2003/11/09,36.03,37.47
2003/11/10 - 2003/11/16,35.52,36.87
2003/11/17 - 2003/11/23,35.64,36.94
2003/11/24 - 2003/11/30,36.43,37.81
2003/12/01 - 2003/12/07,37.23,38.77
2003/12/08 - 2003/12/14,36.79,38.21
2003/12/15 - 2003/12/21,37.2,38.69
2003/12/22 - 2003/12/28,37.07,38.5
2003/12/29 - 2004/01/04,37.51,39
2004/01/05 - 2004/01/11,38.33,39.94
2004/01/12 - 2004/01/18,37.9,39.41
2004/01/19 - 2004/01/25,38.41,39.95
2004/01/26 - 2004/02/01,39.06,40.5
2004/02/02 - 2004/02/08,39.37,40.89
2004/02/09 - 2004/02/15,40.58,42.21
2004/02/16 - 2004/02/22,41.36,43.15
2004/02/23 - 2004/02/29,43.07,45.16
2004/03/01 - 2004/03/07,43.25,45.26
2004/03/08 - 2004/03/14,43.98,45.65
2004/03/15 - 2004/03/21,44.93,46.73
2004/03/22 - 2004/03/28,45.37,47.24
2004/03/29 - 2004/04/04,45.81,47.75
2004/04/05 - 2004/04/11,46.31,48.28
2004/04/12 - 2004/04/18,45.96,47.7
2004/04/19 - 2004/04/25,46.46,48.16
2004/04/26 - 2004/05/02,47.06,48.7
2004/05/03 - 2004/05/09,47.2,48.76
2004/05/10 - 2004/05/16,46.37,47.69
2004/05/17 - 2004/05/23,46.39,47.71
2004/05/24 - 2004/05/30,46.51,47.85
2004/05/31 - 2004/06/06,46.64,48.03
2004/06/07 - 2004/06/13,47.34,48.82
2004/06/14 - 2004/06/20,47.32,48.81
2004/06/21 - 2004/06/27,46.81,48.31
2004/06/28 - 2004/07/04,46.93,48.47
2004/07/05 - 2004/07/11,46.44,47.9
2004/07/12 - 2004/07/18,46.33,47.78
2004/07/19 - 2004/07/25,46.48,47.98
2004/07/26 - 2004/08/01,45.59,46.88
2004/08/02 - 2004/08/08,45.27,46.55
2004/08/09 - 2004/08/15,45.09,46.32
2004/08/16 - 2004/08/22,45.11,46.28
2004/08/23 - 2004/08/29,45.71,46.99
2004/08/30 - 2004/09/05,46.2,47.63
2004/09/06 - 2004/09/12,46.04,47.4
2004/09/13 - 2004/09/19,46.62,48.12
2004/09/20 - 2004/09/26,46.52,47.99
2004/09/27 - 2004/10/03,46.78,48.26
2004/10/04 - 2004/10/10,47.02,48.51
2004/10/11 - 2004/10/17,47.08,48.55
2004/10/18 - 2004/10/24,46.97,48.49
2004/10/25 - 2004/10/31,48.23,49.63
2004/11/01 - 2004/11/07,48.69,50.14
2004/11/08 - 2004/11/14,48.69,50.18
2004/11/15 - 2004/11/21,48.62,50.12
2004/11/22 - 2004/11/28,49.53,51.07
2004/11/29 - 2004/12/05,49.79,51.31
2004/12/06 - 2004/12/12,49.09,50.53
2004/12/13 - 2004/12/19,49.41,50.83
2004/12/20 - 2004/12/26,49.78,51.24
2004/12/27 - 2005/01/02,49.3,50.71
2005/01/03 - 2005/01/09,49.16,50.5
2005/01/10 - 2005/01/16,49.66,51.1
2005/01/17 - 2005/01/23,49.39,50.68
2005/01/24 - 2005/01/30,49.82,51.05
2005/02/07 - 2005/02/13,50.4,51.69
2005/02/14 - 2005/02/20,50.5,51.7
2005/02/21 - 2005/02/27,50.98,52.06
2005/02/28 - 2005/03/06,51.27,52.28
2005/03/07 - 2005/03/13,51.68,52.62
2005/03/14 - 2005/03/20,52.46,53.36
2005/03/21 - 2005/03/27,53.97,54.93
2005/03/28 - 2005/04/03,54.1,54.97
2005/04/04 - 2005/04/10,54.45,55.05
2005/04/11 - 2005/04/17,55.32,56.01
2005/04/18 - 2005/04/24,55.33,56.04
2005/04/25 - 2005/05/01,55.21,55.92
2005/05/02 - 2005/05/08,55.03,55.71
2005/05/09 - 2005/05/15,55.66,56.33
2005/05/16 - 2005/05/22,55.71,56.39
2005/05/23 - 2005/05/29,55.61,56.28
2005/05/30 - 2005/06/05,55.48,56.18
2005/06/06 - 2005/06/12,55.63,56.37
2005/06/13 - 2005/06/19,55.82,56.47
2005/06/20 - 2005/06/26,56.07,56.63
2005/06/27 - 2005/07/03,55.07,55.55
2005/07/04 - 2005/07/10,54.95,55.39
2005/07/11 - 2005/07/17,55.61,56.07
2005/07/18 - 2005/07/24,55.95,56.33
2005/07/25 - 2005/07/31,55.59,55.87
2005/08/01 - 2005/08/07,55.74,55.96
2005/08/08 - 2005/08/14,55.64,55.71
2005/08/15 - 2005/08/21,55.42,55.37
2005/08/22 - 2005/08/28,55.24,55.18
2005/08/29 - 2005/09/04,55.7,55.61
2005/09/05 - 2005/09/11,55.9,55.73
2005/09/12 - 2005/09/18,55.39,55.19
2005/09/19 - 2005/09/25,55.99,55.72
2005/09/26 - 2005/10/02,55.71,55.42
2005/10/03 - 2005/10/09,54.83,54.48
2005/10/10 - 2005/10/16,55.27,54.79
2005/10/17 - 2005/10/23,55.15,54.67
2005/10/24 - 2005/10/30,54.6,54.05
2005/10/31 - 2005/11/06,54.68,54.14
2005/11/07 - 2005/11/13,54.32,53.75
2005/11/14 - 2005/11/20,53.86,53.28
2005/11/21 - 2005/11/27,53.31,52.62
2005/11/28 - 2005/12/04,52.19,51.33
2005/12/05 - 2005/12/11,52.78,51.87
2005/12/12 - 2005/12/18,52.84,51.97
2005/12/19 - 2005/12/25,52.93,52.04
2005/12/26 - 2006/01/01,52.51,51.49
2006/01/02 - 2006/01/08,53.25,52.19
2006/01/09 - 2006/01/15,52.67,51.6
2006/01/16 - 2006/01/22,53.48,52.41
2006/01/23 - 2006/01/29,53.65,52.58
2006/01/30 - 2006/02/05,53.57,52.51
2006/02/06 - 2006/02/12,53.35,52.2
2006/02/13 - 2006/02/19,53.77,52.64
2006/02/20 - 2006/02/26,53.57,52.42
2006/02/27 - 2006/03/05,53.95,52.79
2006/03/06 - 2006/03/12,53.92,52.74
2006/03/13 - 2006/03/19,54.16,53.05
2006/03/20 - 2006/03/26,54.07,52.84
2006/03/27 - 2006/04/02,54.24,52.97
2006/04/03 - 2006/04/09,54.3,53.14
2006/04/10 - 2006/04/16,54.63,53.46
2006/04/17 - 2006/04/23,54.31,53.16
2006/04/24 - 2006/04/30,54.13,52.95
2006/05/01 - 2006/05/07,53.5,52.3
2006/05/08 - 2006/05/14,54,52.86
2006/05/15 - 2006/05/21,54.12,52.95
2006/05/22 - 2006/05/28,53.82,52.62
2006/05/29 - 2006/06/04,54.56,53.39
2006/06/05 - 2006/06/11,53.69,52.47
2006/06/12 - 2006/06/18,54.11,52.91
2006/06/19 - 2006/06/25,53.4,52.14
2006/06/26 - 2006/07/02,52.99,51.72
2006/07/03 - 2006/07/09,53.05,51.79
2006/07/10 - 2006/07/16,53.71,52.48
2006/07/17 - 2006/07/23,53.56,52.32
2006/07/24 - 2006/07/30,53.74,52.49
2006/07/31 - 2006/08/06,53.3,52.02
2006/08/07 - 2006/08/13,53.07,51.77
2006/08/14 - 2006/08/20,53.61,52.35
2006/08/21 - 2006/08/27,53.17,51.89
2006/08/28 - 2006/09/03,53.11,51.83
2006/09/04 - 2006/09/10,52.06,50.71
2006/09/11 - 2006/09/17,51.86,50.5
2006/09/18 - 2006/09/24,52.22,50.88
2006/09/25 - 2006/10/01,52.78,51.49
2006/10/02 - 2006/10/08,52.79,51.5
2006/10/09 - 2006/10/15,52.52,51.21
2006/10/16 - 2006/10/22,52.71,51.41
2006/10/23 - 2006/10/29,53.8,52.56
2006/10/30 - 2006/11/05,55.16,54.01
2006/11/06 - 2006/11/12,54.79,53.61
2006/11/13 - 2006/11/19,53.13,51.84
2006/11/20 - 2006/11/26,53.04,51.73
2006/11/27 - 2006/12/03,52.27,50.9
2006/12/04 - 2006/12/10,53.34,51.87
2006/12/11 - 2006/12/17,53.1,51.62
2006/12/18 - 2006/12/24,53.94,52.57
2006/12/25 - 2006/12/31,53.93,52.58
2007/01/01 - 2007/01/07,53.48,52.09
2007/01/08 - 2007/01/14,53.51,52.1
2007/01/15 - 2007/01/21,53.17,51.73
2007/01/22 - 2007/01/28,52.93,51.54
2007/01/29 - 2007/02/04,53.62,52.2
2007/02/05 - 2007/02/11,53.27,51.71
2007/02/12 - 2007/02/18,54.07,52.56
2007/02/19 - 2007/02/25,54.03,52.48
2007/02/26 - 2007/03/04,54.23,52.78
2007/03/05 - 2007/03/11,54.39,52.97
2007/03/12 - 2007/03/18,54.61,53.22
2007/03/19 - 2007/03/25,55.03,53.67
2007/03/26 - 2007/04/01,54.86,53.5
2007/04/02 - 2007/04/08,54.39,52.94
2007/04/09 - 2007/04/15,55.07,53.65
2007/04/16 - 2007/04/22,55.82,54.47
2007/04/23 - 2007/04/29,55.39,53.96
2007/04/30 - 2007/05/06,55.46,53.91
2007/05/07 - 2007/05/13,55.35,53.84
2007/05/14 - 2007/05/20,54.87,53.32
2007/05/21 - 2007/05/27,55.21,53.7
2007/05/28 - 2007/06/03,55.43,53.7
2007/06/04 - 2007/06/10,55.93,54.22
2007/06/11 - 2007/06/17,56.46,54.74
2007/06/18 - 2007/06/24,56.71,55.04
2007/06/25 - 2007/07/01,56.21,54.42
2007/07/02 - 2007/07/08,56.24,54.41
2007/07/09 - 2007/07/15,56.41,54.69
2007/07/16 - 2007/07/22,56.57,54.85
2007/07/23 - 2007/07/29,56.98,55.31
2007/07/30 - 2007/08/05,56.84,55.28
2007/08/06 - 2007/08/12,57.03,55.48
2007/08/13 - 2007/08/19,57.47,55.95
2007/08/20 - 2007/08/26,57.3,55.68
2007/08/27 - 2007/09/02,57.3,55.7
2007/09/03 - 2007/09/09,57.51,55.66
2007/09/10 - 2007/09/16,58.14,56.43
2007/09/17 - 2007/09/23,57.64,55.78
2007/09/24 - 2007/09/30,58.23,56.29
2007/10/01 - 2007/10/07,58.41,56.62
2007/10/08 - 2007/10/14,58.69,56.88
2007/10/15 - 2007/10/21,58.79,56.99
2007/10/22 - 2007/10/28,59.36,57.22
2007/10/29 - 2007/11/04,60.45,58.13
2007/11/05 - 2007/11/11,61.31,58.92
2007/11/12 - 2007/11/18,62.1,59.76
2007/11/19 - 2007/11/25,63.33,60.73
2007/11/26 - 2007/12/02,63.81,61.37
2007/12/03 - 2007/12/09,65.55,62.74
2007/12/10 - 2007/12/16,66.36,63.77
2007/12/17 - 2007/12/23,66.39,63.65
2007/12/24 - 2007/12/30,66.98,64.32
2007/12/31 - 2008/01/06,67.59,64.98
2008/01/07 - 2008/01/13,68.48,65.85
2008/01/14 - 2008/01/20,69.36,66.77
2008/01/21 - 2008/01/27,70.59,67.93
2008/01/28 - 2008/02/03,71.03,68.05
2008/02/04 - 2008/02/10,72.08,69.13
2008/02/11 - 2008/02/17,73.81,71.08
2008/02/18 - 2008/02/24,73.28,70.33
2008/02/25 - 2008/03/02,73.98,71.07
2008/03/03 - 2008/03/09,73.98,70.87
2008/03/10 - 2008/03/16,73.01,69.97
2008/03/17 - 2008/03/23,72.79,69.72
2008/03/24 - 2008/03/30,72.89,70.06
2008/03/31 - 2008/04/06,73.75,70.91
2008/04/07 - 2008/04/13,71.93,69.02
2008/04/14 - 2008/04/20,72.57,69.77
2008/04/21 - 2008/04/27,71.46,68.58
2008/04/28 - 2008/05/04,71.44,68.61
2008/05/05 - 2008/05/11,71.51,68.59
2008/05/12 - 2008/05/18,71.86,69.11
2008/05/19 - 2008/05/25,72.67,69.87
2008/05/26 - 2008/06/01,72.16,69.26
2008/06/02 - 2008/06/08,73.23,70.26
2008/06/09 - 2008/06/15,73.24,70
2008/06/16 - 2008/06/22,72.62,69.39
2008/06/23 - 2008/06/29,73.38,70.27
2008/06/30 - 2008/07/06,72.77,69.7
2008/07/07 - 2008/07/13,72.38,69.41
2008/07/14 - 2008/07/20,71.84,68.78
2008/07/21 - 2008/07/27,71.55,68.47
2008/07/28 - 2008/08/03,70.81,67.59
2008/08/04 - 2008/08/10,70.46,67.24
2008/08/11 - 2008/08/17,70.49,67.31
2008/08/18 - 2008/08/24,70.13,66.92
2008/08/25 - 2008/08/31,69.94,66.86
2008/09/01 - 2008/09/07,68.93,65.93
2008/09/08 - 2008/09/14,68.4,65.44
2008/09/15 - 2008/09/21,68.26,65.26
2008/09/22 - 2008/09/28,67.52,64.46
2008/09/29 - 2008/10/05,67.44,64.61
2008/10/06 - 2008/10/12,66.27,63.79
2008/10/13 - 2008/10/19,64.64,62.01
2008/10/20 - 2008/10/26,63.45,61
2008/10/27 - 2008/11/02,61.61,59.09
2008/11/03 - 2008/11/09,59.93,57.94
2008/11/10 - 2008/11/16,57.43,55.41
2008/11/17 - 2008/11/23,57,55.03
2008/11/24 - 2008/11/30,56.92,54.99
2008/12/01 - 2008/12/07,57.15,55.19
2008/12/08 - 2008/12/14,56.71,54.77
2008/12/15 - 2008/12/21,56.93,54.99
2008/12/22 - 2008/12/28,56.78,54.89
2008/12/29 - 2009/01/04,57.52,55.75
2009/01/05 - 2009/01/11,57.51,55.94
2009/01/12 - 2009/01/18,57.99,56.42
2009/01/19 - 2009/01/25,58.38,56.87
2009/01/26 - 2009/02/01,58.53,57.02
2009/02/02 - 2009/02/08,58.35,56.75
2009/02/09 - 2009/02/15,58.7,57.28
2009/02/16 - 2009/02/22,58.62,57.02
2009/02/23 - 2009/03/01,59.45,57.78
2009/03/02 - 2009/03/08,59.47,57.87
2009/03/09 - 2009/03/15,59.74,58.25
2009/03/16 - 2009/03/22,59.43,57.9
2009/03/23 - 2009/03/29,60.2,58.71
2009/03/30 - 2009/04/05,60.1,58.48
2009/04/06 - 2009/04/12,60.66,59.2
2009/04/13 - 2009/04/19,61.5,60.06
2009/04/20 - 2009/04/26,62.83,61.29
2009/04/27 - 2009/05/03,63.08,61.43
2009/05/04 - 2009/05/10,64.34,62.48
2009/05/11 - 2009/05/17,64.3,62.56
2009/05/18 - 2009/05/24,64.35,62.72
2009/05/25 - 2009/05/31,65.49,63.62
2009/06/01 - 2009/06/07,65,63.18
2009/06/08 - 2009/06/14,65.82,64.07
2009/06/15 - 2009/06/21,67.11,65.49
2009/06/22 - 2009/06/28,68.42,66.77
2009/06/29 - 2009/07/05,67.59,65.59
2009/07/06 - 2009/07/12,68.46,66.52
2009/07/13 - 2009/07/19,68.62,66.73
2009/07/20 - 2009/07/26,68.71,66.89
2009/07/27 - 2009/08/02,69.44,67.1
2009/08/03 - 2009/08/09,69.51,67.33
2009/08/10 - 2009/08/16,70.12,67.62
2009/08/17 - 2009/08/23,70.79,68.5
2009/08/24 - 2009/08/30,70.72,68.31
2009/08/31 - 2009/09/06,72.65,70.38
2009/09/07 - 2009/09/13,72.06,70.07
2009/09/14 - 2009/09/20,72.18,70.05
2009/09/21 - 2009/09/27,72.92,70.95
2009/09/28 - 2009/10/04,72.7,70.81
2009/10/05 - 2009/10/11,73.8,71.57
2009/10/12 - 2009/10/18,73.37,71.38
2009/10/19 - 2009/10/25,73.39,71.16
2009/10/26 - 2009/11/01,73.74,71.3
2009/11/02 - 2009/11/08,73.52,71.2
2009/11/09 - 2009/11/15,73.91,71.42
2009/11/16 - 2009/11/22,73.56,71.05
2009/11/23 - 2009/11/29,72.61,70
2009/11/30 - 2009/12/06,73.03,70.61
2009/12/07 - 2009/12/13,72.79,70.61
2009/12/14 - 2009/12/20,73.08,70.79
2009/12/21 - 2009/12/27,73.23,70.95
2009/12/28 - 2010/01/03,74.07,71.77
2010/01/04 - 2010/01/10,74.87,72.69
2010/01/11 - 2010/01/17,75.08,72.86
2010/01/18 - 2010/01/24,76.17,74.09
2010/01/25 - 2010/01/31,76.05,73.55
2010/02/01 - 2010/02/07,76.67,74.25
2010/02/08 - 2010/02/14,77.03,74.57
2010/02/15 - 2010/02/21,77.26,74.74
2010/02/22 - 2010/02/28,77.96,75.65
2010/03/01 - 2010/03/07,77.01,74.72
2010/03/08 - 2010/03/14,77.24,74.82
2010/03/15 - 2010/03/21,78.63,76.43
2010/03/22 - 2010/03/28,78.69,76.25
2010/03/29 - 2010/04/04,78.64,76.26
2010/04/05 - 2010/04/11,78.48,76.11
2010/04/12 - 2010/04/18,79.39,77.16
2010/04/19 - 2010/04/25,78.77,76.47
2010/04/26 - 2010/05/02,80.68,78.2
2010/05/03 - 2010/05/09,77.42,79.86
2010/05/10 - 2010/05/16,77.55,80.06
2010/05/17 - 2010/05/23,80.32,77.67
2010/05/24 - 2010/05/30,79.16,76.47
2010/05/31 - 2010/06/06,79.48,76.88
2010/06/07 - 2010/06/13,79.68,77.08
2010/06/14 - 2010/06/20,79.12,76.25
2010/06/21 - 2010/06/27,80.12,77.43
2010/06/28 - 2010/07/04,80.15,77.33
2010/07/05 - 2010/07/11,80.9,78.62
2010/07/12 - 2010/07/18,81.18,78.65
2010/07/19 - 2010/07/25,81.88,79.35
2010/07/26 - 2010/08/01,82.14,79.73
2010/08/02 - 2010/08/08,83.51,81.26
2010/08/09 - 2010/08/15,83.36,80.86
2010/08/16 - 2010/08/22,83.57,81.03
2010/08/23 - 2010/08/29,83.61,80.87
2010/08/30 - 2010/09/05,84.54,81.79
2010/09/06 - 2010/09/12,84.16,81.3
2010/09/13 - 2010/09/19,83.99,81.09
2010/09/20 - 2010/09/26,85.34,82.32
2010/09/27 - 2010/10/03,84.85,81.83
2010/10/04 - 2010/10/10,85.09,82.24
2010/10/11 - 2010/10/17,85.13,82.35
2010/10/18 - 2010/10/24,85.62,82.88
2010/10/25 - 2010/10/31,86.87,84
2010/11/01 - 2010/11/07,87.55,84.62
2010/11/08 - 2010/11/14,87.41,84.7
2010/11/15 - 2010/11/21,88.24,85.62
2010/11/22 - 2010/11/28,88.58,86.12
2010/11/29 - 2010/12/05,89.41,86.75
2010/12/06 - 2010/12/12,88.27,84.99
2010/12/13 - 2010/12/19,87.48,84.26
2010/12/20 - 2010/12/26,88.4,85.22
2010/12/27 - 2011/01/02,88.38,85.2
2011/01/03 - 2011/01/09,90.05,87.01
2011/01/10 - 2011/01/16,90.01,87.1
2011/01/17 - 2011/01/23,91.21,88.29
2011/01/24 - 2011/01/30,90.83,87.9
2011/01/31 - 2011/02/06,91.45,88.85
2011/02/07 - 2011/02/13,93.41,90.61
2011/02/14 - 2011/02/20,93.99,91.24
2011/02/21 - 2011/02/27,94.81,92.13
2011/02/28 - 2011/03/06,96.44,93.58
2011/03/07 - 2011/03/13,96.51,93.72
2011/03/14 - 2011/03/20,98.15,95.41
2011/03/21 - 2011/03/27,97.41,94.42
2011/03/28 - 2011/04/03,96.98,93.88
2011/04/04 - 2011/04/10,96.55,93.26
2011/04/11 - 2011/04/17,97.13,94.15
2011/04/18 - 2011/04/24,97.6,94.72
2011/04/25 - 2011/05/01,97.59,94.85
2011/05/02 - 2011/05/08,97.45,94.44
2011/05/09 - 2011/05/15,97.44,94.41
2011/05/16 - 2011/05/22,98.16,95.38
2011/05/23 - 2011/05/29,99.43,96.9
2011/05/30 - 2011/06/05,100.72,97.67
2011/06/06 - 2011/06/12,99.7,96.56
2011/06/13 - 2011/06/19,98.73,95.67
2011/06/20 - 2011/06/26,99.23,96.29
2011/06/27 - 2011/07/03,100.29,96.84
2011/07/04 - 2011/07/10,98.89,95.33
2011/07/11 - 2011/07/17,99.08,96.27
2011/07/18 - 2011/07/24,99,96.23
2011/07/25 - 2011/07/31,99.11,95.61
2011/08/01 - 2011/08/07,99.53,95.95
2011/08/08 - 2011/08/14,99.31,95.46
2011/08/15 - 2011/08/21,99.15,95.15
2011/08/22 - 2011/08/28,99.41,95.43
2011/08/29 - 2011/09/04,98.6,94.86
2011/09/05 - 2011/09/11,98.24,94.98
2011/09/12 - 2011/09/18,98.18,94.78
2011/09/19 - 2011/09/25,99.21,95.85
2011/09/26 - 2011/10/02,99.8,96.69
2011/10/03 - 2011/10/09,99.07,95.7
2011/10/10 - 2011/10/16,98.52,95.02
2011/10/17 - 2011/10/23,98.16,94.6
2011/10/24 - 2011/10/30,97.94,94.87
2011/10/31 - 2011/11/06,96.91,94.11
2011/11/07 - 2011/11/13,97.29,94.52
2011/11/14 - 2011/11/20,97.09,94.48
2011/11/21 - 2011/11/27,97.24,94.3
2011/11/28 - 2011/12/04,98.13,95.34
2011/12/05 - 2011/12/11,97.1,94.37
2011/12/12 - 2011/12/18,96.81,94.03
2011/12/19 - 2011/12/25,96.68,93.89
2011/12/26 - 2012/01/01,95.47,92.41
2012/01/02 - 2012/01/08,94.16,91.25
2012/01/09 - 2012/01/15,94.31,91.66
2012/01/16 - 2012/01/22,94.75,92.17
2012/01/23 - 2012/01/29,94.47,91.91
2012/01/30 - 2012/02/05,95.04,92.63
2012/02/06 - 2012/02/12,95.01,92.68
2012/02/13 - 2012/02/19,94.38,92.01
2012/02/20 - 2012/02/26,95.15,93.14
2012/02/27 - 2012/03/04,96.69,94.28
2012/03/05 - 2012/03/11,98.41,95.72
2012/03/12 - 2012/03/18,99.17,96.75
2012/03/19 - 2012/03/25,100.06,97.97
2012/03/26 - 2012/04/01,101.17,99.15
2012/04/02 - 2012/04/08,101.79,99.76
2012/04/09 - 2012/04/15,102.5,100.71
2012/04/16 - 2012/04/22,102.17,100.05
2012/04/23 - 2012/04/29,101.12,98.9
2012/04/30 - 2012/05/06,102.89,101.4
2012/05/07 - 2012/05/13,103.35,101.46
2012/05/14 - 2012/05/20,103.94,101.89
2012/05/21 - 2012/05/27,104,101.72
2012/05/28 - 2012/06/03,104.01,101.85
2012/06/04 - 2012/06/10,103.82,101.35
2012/06/11 - 2012/06/17,104.14,102.01
2012/06/18 - 2012/06/24,104.6,102.33
2012/06/25 - 2012/07/01,105.46,103.13
2012/07/02 - 2012/07/08,105.01,102.33
2012/07/09 - 2012/07/15,104.25,101.41
2012/07/16 - 2012/07/22,104.93,101.99
2012/07/23 - 2012/07/29,106.54,103.71
2012/07/30 - 2012/08/05,105.78,103.33
2012/08/06 - 2012/08/12,106.85,104.85
2012/08/13 - 2012/08/19,107.18,105.22
2012/08/20 - 2012/08/26,106.89,105.17
2012/08/27 - 2012/09/02,107.99,105.85
2012/09/03 - 2012/09/09,108.8,107.02
2012/09/10 - 2012/09/16,108.17,106.05
2012/09/17 - 2012/09/23,109.81,107.88
2012/09/24 - 2012/09/30,110.14,108.55
2012/10/01 - 2012/10/07,111.11,109.21
2012/10/08 - 2012/10/14,111.19,109.41
2012/10/15 - 2012/10/21,112.25,110.37
2012/10/22 - 2012/10/28,114.35,112.33
2012/10/29 - 2012/11/04,116.07,113.81
2012/11/05 - 2012/11/11,116.81,114.2
2012/11/12 - 2012/11/18,116.17,114.32
2012/11/19 - 2012/11/25,115.05,113.11
2012/11/26 - 2012/12/02,114.38,112.52
2012/12/03 - 2012/12/09,114.57,113.2
2012/12/10 - 2012/12/16,114.97,113.5
2012/12/17 - 2012/12/23,115.18,113.61
2012/12/24 - 2012/12/30,115.78,114.25
2012/12/31 - 2013/01/06,115.6,113.93
2013/01/07 - 2013/01/13,115.93,114.29
2013/01/14 - 2013/01/20,118.38,116.61
2013/01/21 - 2013/01/27,119.13,117.6
2013/01/28 - 2013/02/03,120.66,119.4
2013/02/04 - 2013/02/10,121.73,120.41
2013/02/11 - 2013/02/17 ,121.58,120.27
2013/02/18 - 2013/02/24,121.64,120.97
2013/02/25 - 2013/03/03,121.95,121.27
2013/03/04 - 2013/03/10 ,122.09,121.41
2013/03/11 - 2013/03/17,123.66,122.98
2013/03/18 - 2013/03/24,123.45,122.72
2013/03/25 - 2013/03/31 ,123.01,122.22
2013/04/01 - 2013/04/07,121.83,121.29
2013/04/08 - 2013/04/14  ,120.12,119.35
2013/04/15 - 2013/04/21,118.71,117.7
2013/04/22 - 2013/04/28,118.84,118.08
2013/04/29 - 2013/05/05 ,118.51,117.6
2013/05/06 - 2013/05/12 ,118.58,117.61
2013/05/13 - 2013/05/19 ,118.79,117.85
2013/05/20 - 2013/05/26,119.06,118.31
2013/05/27 - 2013/06/02 ,120.14,118.81
2013/06/03 - 2013/06/09 ,120.74,119.57
2013/06/10 - 2013/06/16 ,119.96,118.69
2013/06/17 - 2013/06/23,121.22,120.64
2013/06/24 - 2013/06/30 ,121.88,121.58
2013/07/01 - 2013/07/07,119.69,119.11
2013/07/08 - 2013/07/14,120.14,119.82
2013/07/15 - 2013/07/21,120.61,120.36
2013/07/22 - 2013/07/28,120.95,120.29
2013/07/29 - 2013/08/04,120.41,119.74
2013/08/05 - 2013/08/11,119.3,118.69
2013/08/12 - 2013/08/18,119.79,119.54
2013/08/19 - 2013/08/25,119.85,119.17
2013/08/26 - 2013/09/01 ,120.86,120.44
2013/09/02 - 2013/09/08 ,121.94,121.32
2013/09/09 - 2013/09/15,120.84,120.39
2013/09/16 - 2013/09/22,121.08,120.61
2013/09/23 - 2013/09/29,120,119.37
2013/09/30 - 2013/10/06,119.83,118.97
2013/10/07 - 2013/10/13 ,119.87,119.11
2013/10/14 - 2013/10/20,120.08,119.41
2013/10/21 - 2013/10/27,119.5,118.67
2013/10/28 - 2013/11/03,120.72,120.03
2013/11/04 - 2013/11/10,119.93,119.16
2013/11/11 - 2013/11/17 ,120.13,119.39
2013/11/18 - 2013/11/24 ,120.39,119.64
2013/11/25 - 2013/12/01 ,119.53,118.56
2013/12/02 - 2013/12/08,118.96,118.16
2013/12/09 - 2013/12/15,118.61,117.49
2013/12/16 - 2013/12/22,118.95,117.86
2013/12/23 - 2013/12/29 ,119.07,118.19
2013/12/30 - 2014/01/05 ,118.96,118.1
2014/01/06 - 2014/01/12 ,117.71,116.65
2014/01/13 - 2014/01/19,118.2,117.19
2014/01/20 - 2014/01/26,117.56,116.47
2014/01/27 - 2014/02/02,118.31,117.32
2014/02/03 - 2014/02/09 ,118.08,117.34
2014/02/10 - 2014/02/16,117.41,116.65
2014/02/17 - 2014/02/23,117.77,116.91
2014/02/24 - 2014/03/02 ,118.02,117.12
2014/03/03 - 2014/03/09,117.18,116.29
2014/03/10 - 2014/03/16,118.25,117.6
2014/03/17 - 2014/03/23,118.42,117.73
2014/03/24 - 2014/03/30,117.22,116.4
2014/03/31 - 2014/04/06 ,118.82,117.99
2014/04/07 - 2014/04/13 ,119.04,117.94
2014/04/14 - 2014/04/20 ,118.31,117.41
2014/04/21 - 2014/04/27 ,118.4,127.12
2014/04/28 - 2014/05/04 ,118.12,127.07
2014/05/05 - 2014/05/11,118.86,128.19
2014/05/12 - 2014/05/18,118.56,127.31
2014/05/19 - 2014/05/25,119.07,127.37
2014/05/26 - 2014/06/01 ,118.37,125.76
2014/06/02 - 2014/06/08 ,119.23,126.23
2014/06/09 - 2014/06/15 ,119.89,126.45
2014/06/16 - 2014/06/22,121.16,127.54
2014/06/23 - 2014/06/29 ,121.19,126.24
2014/06/30 - 2014/07/06,123.35,128.24
2014/07/07 - 2014/07/13 ,123.36,126.93
2014/07/14 - 2014/07/20,123.2,126.79
2014/07/21 - 2014/07/27,123.54,124.24
2014/07/28 - 2014/08/03,124,124.22
2014/08/04 - 2014/08/10,125.66,125.64
2014/08/11 - 2014/08/17,125.31,125.59
2014/08/18 - 2014/08/24,126.2,126.64
2014/08/25 - 2014/08/31,126.94,127.33
2014/09/01 - 2014/09/07,126.14,126.59
2014/09/08 - 2014/09/14,126.8,127.51
2014/09/15 - 2014/09/21,127.46,128.06
2014/09/22 - 2014/09/28,128.14,128.33
2014/09/29 - 2014/10/05,127.65,128.4
2014/10/06 - 2014/10/12,129.83,130.46
2014/10/13 - 2014/10/19,129.38,130.11
2014/10/20 - 2014/10/26,129.39,130.04
2014/10/27 - 2014/11/02,129.4,130.11
2014/11/03 - 2014/11/09,129.69,130.55
2014/11/10 - 2014/11/16,129.61,130.95
2014/11/17 - 2014/11/23,130.16,131.47
2014/11/24 - 2014/11/30,130.46,131.44
2014/12/01 - 2014/12/07,131.61,132.65
2014/12/08 - 2014/12/14,132.81,133.92
2014/12/15 - 2014/12/21,132.69,133.76
2014/12/22 - 2014/12/28,132.45,133.5
2014/12/29 - 2015/01/04,133.34,134.43
2015/01/05 - 2015/01/11,133.64,134.3
2015/01/12 - 2015/01/18,134.64,135.45
2015/01/19 - 2015/01/25,134.03,135.01
2015/01/26 - 2015/02/01,136.35,138.01
2015/02/02 - 2015/02/08,136.64,137.46
2015/02/09 - 2015/02/15,137.2,138.52
2015/02/16 - 2015/02/22,136.2,137.34
2015/02/23 - 2015/03/01,137.12,138.67
2015/03/02 - 2015/03/08,138.8,140.46
2015/03/09 - 2015/03/15,139.03,140.7
2015/03/16 - 2015/03/22,140.05,141.81
2015/03/23 - 2015/03/29,139.7,140.95
2015/03/30 - 2015/04/05,142.36,143.9
2015/04/06 - 2015/04/12,141.6,143.12
2015/04/13 - 2015/04/19,140.04,141.27
2015/04/20 - 2015/04/26,141.22,142.47
2015/04/27 - 2015/05/03,141.46,143.28
2015/05/04 - 2015/05/10,141.37,142.68
2015/05/11 - 2015/05/17,141.3,142.33
2015/05/18 - 2015/05/24,140.33,141.79
2015/05/25 - 2015/05/31,141.96,143.4
2015/06/01 - 2015/06/07,143.31,144.54
2015/06/08 - 2015/06/14,142.26,144.06
2015/06/15 - 2015/06/21,141.87,143.53
2015/06/22 - 2015/06/28,143.56,145.43
2015/06/29 - 2015/07/05,143.15,144.94
2015/07/06 - 2015/07/12,142.62,144.57
2015/07/13 - 2015/07/19,143.32,144.96
2015/07/20 - 2015/07/26,145.48,147.41
2015/07/27 - 2015/08/02,146.07,147.91
2015/08/03 - 2015/08/09,144.29,146.25
2015/08/10 - 2015/08/16,144.84,147.09
2015/08/17 - 2015/08/23,145.45,146.83
2015/08/24 - 2015/08/30,146.78,148.27
2015/08/31 - 2015/09/06,146.76,148.27
2015/09/07 - 2015/09/13,146.92,148.61
2015/09/14 - 2015/09/20,146.67,148.39
2015/09/21 - 2015/09/27,146.01,147.61
2015/09/28 - 2015/10/04,146.45,148.22
2015/10/05 - 2015/10/11,144.61,146.1
2015/10/12 - 2015/10/18,144.33,145.54
2015/10/19 - 2015/10/25,142.98,144.05
2015/10/26 - 2015/11/01,141.76,142.96
2015/11/02 - 2015/11/08,142.14,143.61
2015/11/09 - 2015/11/15,141.13,142.74
2015/11/16 - 2015/11/22,140.27,141.8
2015/11/23 - 2015/11/29,139.82,141.57
2015/11/30 - 2015/12/06,138.22,140.11
2015/12/07 - 2015/12/13,137.3,139.05
2015/12/14 - 2015/12/20,136.86,137.72
2015/12/21 - 2015/12/27,135.89,136.6
2015/12/28 - 2016/01/03,135.83,136.54
2016/01/04 - 2016/01/10,134.41,135.8
2016/01/11 - 2016/01/17,134.95,136.44
2016/01/18 - 2016/01/24,132.9,134.03
2016/01/25 - 2016/01/31,131.95,132.35
2016/02/01 - 2016/02/07,131.01,131.29
2016/02/08 - 2016/02/14,130.58,130.79
2016/02/15 - 2016/02/21,130.77,130.93
2016/02/22 - 2016/02/28,131.76,131.74
2016/02/29 - 2016/03/06,130.3,130.06
2016/03/07 - 2016/03/13,127.5,127.73
2016/03/14 - 2016/03/20,128.4,128.64
2016/03/21 - 2016/03/27,127.46,127.55
2016/03/28 - 2016/04/03,127.84,128.42
2016/04/04 - 2016/04/10,128.34,128.99
2016/04/11 - 2016/04/17,127.96,128.52
2016/04/18 - 2016/04/24,129.87,130.06
2016/04/25 - 2016/05/01,128.48,129.45
2016/05/02 - 2016/05/08,128.63,129.32
2016/05/09 - 2016/05/15,128.41,129.34
2016/05/16 - 2016/05/22,128.51,129.32
2016/05/23 - 2016/05/29,128.37,129.2
2016/05/30 - 2016/06/05,128.75,129.57
2016/06/06 - 2016/06/12,129.2,130.2
2016/06/13 - 2016/06/19,129.38,130.47
2016/06/20 - 2016/06/26,129.44,130.78
2016/06/27 - 2016/07/03,128.85,130.03
2016/07/04 - 2016/07/10,129.84,131.07
2016/07/11 - 2016/07/17,130.5,131.74
2016/07/18 - 2016/07/24,130.47,131.78
2016/07/25 - 2016/07/31,131.34,132.59
2016/08/01 - 2016/08/07,131.28,132.6
2016/08/08 - 2016/08/14,133.41,134.8
2016/08/15 - 2016/08/21,133.13,134.74
2016/08/22 - 2016/08/28,136.21,138.17
2016/08/29 - 2016/09/04,137.5,138.86
2016/09/05 - 2016/09/11,136.57,137.89
2016/09/12 - 2016/09/18,138.7,140.12
2016/09/19 - 2016/09/25,137.62,139.05
2016/09/26 - 2016/10/02,141.04,142.06
2016/10/03 - 2016/10/09,141.77,142.99
2016/10/10 - 2016/10/16,141.53,143.02
2016/10/17 - 2016/10/23,144.09,145.58
2016/10/24 - 2016/10/30,143.68,144.8
2016/10/31 - 2016/11/06,143.49,145.38
2016/11/07 - 2016/11/13,143.95,145.96
2016/11/14 - 2016/11/20,144.08,145.82
2016/11/21 - 2016/11/27,144.47,146.13
2016/11/28 - 2016/12/04,144.91,146.12
2016/12/05 - 2016/12/11,145.17,146.46
2016/12/12 - 2016/12/18,145.44,146.68
2016/12/19 - 2016/12/25,146.3,147.88
2016/12/26 - 2017/01/01,144.72,146.16
2017/01/02 - 2017/01/08,144.28,145.85
2017/01/09 - 2017/01/15,144.16,146.43
2017/01/16 - 2017/01/22,146.8,149.03
2017/01/23 - 2017/01/29,145.89,147.89
2017/01/30 - 2017/02/05,146.59,148.71
2017/02/06 - 2017/02/12,146.83,148.66
2017/02/13 - 2017/02/19,147.74,149.54
2017/02/20 - 2017/02/26,148.22,150.09
2017/02/27 - 2017/03/05,148.67,150.63
2017/03/06 - 2017/03/12,149.38,151.55
2017/03/13 - 2017/03/19,150.55,153.09
2017/03/20 - 2017/03/26,150.89,153.32
2017/03/27 - 2017/04/02,152.18,154.51
2017/04/03 - 2017/04/09,152.57,154.52
2017/04/10 - 2017/04/16,152.77,154.73
2017/04/17 - 2017/04/23,154.57,156.77
2017/04/24 - 2017/04/30,155.45,157.8
2017/05/01 - 2017/05/07,156.27,159.14
2017/05/08 - 2017/05/14,156.44,159.09
2017/05/15 - 2017/05/21,158.26,160.72
2017/05/22 - 2017/05/28,158.78,161.33
2017/05/29 - 2017/06/04,158.92,161.25
2017/06/05 - 2017/06/11,159.88,162.16
2017/06/12 - 2017/06/18,159.12,161.15
2017/06/19 - 2017/06/25,160.26,162.08
2017/06/26 - 2017/07/02,160.05,161.68
2017/07/03 - 2017/07/09,159.56,161.31
2017/07/10 - 2017/07/16,159.15,160.87
2017/07/17 - 2017/07/23,159.88,161.7
2017/07/24 - 2017/07/30,160.3,162.11
2017/07/31 - 2017/08/06,159.84,161.58
